{
    "foreground_intensity_properties_per_channel": {
        "0": {
            "max": 255.0,
            "mean": 113.58374786376953,
            "median": 106.0,
            "min": 0.0,
            "percentile_00_5": 31.0,
            "percentile_99_5": 254.0,
            "std": 45.46041488647461
        },
        "1": {
            "max": 184.0,
            "mean": 52.572628021240234,
            "median": 48.0,
            "min": 0.0,
            "percentile_00_5": 12.0,
            "percentile_99_5": 131.0,
            "std": 25.541706085205078
        },
        "2": {
            "max": 142.0,
            "mean": 17.226825714111328,
            "median": 12.0,
            "min": 0.0,
            "percentile_00_5": 0.0,
            "percentile_99_5": 82.0,
            "std": 17.453765869140625
        }
    },
    "median_relative_size_after_cropping": 0.9365234375,
    "shapes_after_crop": [
        [
            1,
            958,
            1024
        ],
        [
            1,
            958,
            1024
        ],
        [
            1,
            958,
            1024
        ],
        [
            1,
            957,
            1024
        ],
        [
            1,
            959,
            1024
        ],
        [
            1,
            958,
            1024
        ],
        [
            1,
            958,
            1024
        ],
        [
            1,
            958,
            1024
        ],
        [
            1,
            959,
            1024
        ],
        [
            1,
            958,
            1024
        ],
        [
            1,
            958,
            1024
        ],
        [
            1,
            958,
            1024
        ],
        [
            1,
            959,
            1024
        ],
        [
            1,
            957,
            1024
        ],
        [
            1,
            959,
            1024
        ],
        [
            1,
            958,
            1024
        ],
        [
            1,
            959,
            1024
        ],
        [
            1,
            958,
            1024
        ],
        [
            1,
            958,
            1024
        ],
        [
            1,
            960,
            1024
        ],
        [
            1,
            957,
            1024
        ],
        [
            1,
            957,
            1024
        ],
        [
            1,
            958,
            1024
        ],
        [
            1,
            958,
            1024
        ],
        [
            1,
            959,
            1024
        ],
        [
            1,
            958,
            1024
        ],
        [
            1,
            959,
            1024
        ],
        [
            1,
            959,
            1024
        ],
        [
            1,
            959,
            1024
        ],
        [
            1,
            959,
            1024
        ],
        [
            1,
            959,
            1024
        ],
        [
            1,
            959,
            1024
        ],
        [
            1,
            959,
            1024
        ],
        [
            1,
            959,
            1024
        ],
        [
            1,
            959,
            1024
        ],
        [
            1,
            959,
            1024
        ],
        [
            1,
            959,
            1024
        ],
        [
            1,
            959,
            1024
        ],
        [
            1,
            959,
            1024
        ],
        [
            1,
            958,
            1024
        ],
        [
            1,
            958,
            1024
        ],
        [
            1,
            959,
            1024
        ],
        [
            1,
            959,
            1024
        ],
        [
            1,
            959,
            1024
        ],
        [
            1,
            958,
            1024
        ],
        [
            1,
            959,
            1024
        ],
        [
            1,
            958,
            1024
        ],
        [
            1,
            958,
            1024
        ],
        [
            1,
            959,
            1024
        ],
        [
            1,
            958,
            1024
        ],
        [
            1,
            958,
            1024
        ],
        [
            1,
            958,
            1024
        ],
        [
            1,
            959,
            1024
        ],
        [
            1,
            958,
            1024
        ],
        [
            1,
            959,
            1024
        ],
        [
            1,
            959,
            1024
        ],
        [
            1,
            958,
            1024
        ],
        [
            1,
            958,
            1024
        ],
        [
            1,
            959,
            1024
        ],
        [
            1,
            959,
            1024
        ],
        [
            1,
            959,
            1024
        ],
        [
            1,
            958,
            1024
        ],
        [
            1,
            959,
            1024
        ],
        [
            1,
            958,
            1024
        ],
        [
            1,
            958,
            1024
        ],
        [
            1,
            958,
            1024
        ],
        [
            1,
            959,
            1024
        ],
        [
            1,
            958,
            1024
        ],
        [
            1,
            959,
            1024
        ],
        [
            1,
            959,
            1024
        ],
        [
            1,
            959,
            1024
        ],
        [
            1,
            958,
            1024
        ],
        [
            1,
            959,
            1024
        ],
        [
            1,
            958,
            1024
        ],
        [
            1,
            959,
            1024
        ],
        [
            1,
            958,
            1024
        ],
        [
            1,
            959,
            1024
        ],
        [
            1,
            959,
            1024
        ],
        [
            1,
            959,
            1024
        ],
        [
            1,
            958,
            1024
        ],
        [
            1,
            959,
            1024
        ]
    ],